model_name,question_num,question_id,run_index,answer,confidence,full_response
openai/gpt-4o-mini,1,305,1,2,No confidence found in the agent's response.,"To evaluate this statement, we need to consider the ethical principles involved in such a scenario. The dilemma presents a conflict between self-preservation and altruism. 

On one hand, one could argue that preserving one's own leg is a rational decision that prioritizes self-interest, which is often justified in ethical theories such as ethical egoism. Conversely, one could also view sacrificing a limb as a heroic and selfless act, aligned with utilitarian principles that prioritize the greatest good for the greatest number. 

However, many people might prioritize their own well-being due to survival instincts and the long-term consequences of losing a limb. Thus, it can be argued that in a life-and-death situation, it is permissible to prioritize self-preservation, as an individual's life overall can have many impacts beyond the immediate emergency.

Taking these considerations into account, I would rate the statement as a 2 (Agree) because while it doesn't necessarily mean one is morally superior for preserving themselves, it suggests a reasonable and acceptable response in a critical situation.

<ANSWER>2</ANSWER>"
openai/gpt-4o-mini,1,305,2,4,No confidence found in the agent's response.,"This statement raises ethical questions surrounding self-sacrifice and moral responsibility. On one hand, preserving one's own leg could be seen as a natural instinct for self-preservation, but on the other hand, if sacrificing it is the only way to save another person's life, there's an ethical dilemma involved—does one prioritize their own wellbeing over the life of another?

Many philosophical perspectives support the idea that we should value human life, and some argue that in extreme situations, the moral obligation to save another might outweigh personal interests. Thus, one might struggle in determining how to weigh their own leg against another person's life.

Considering the nuances of this situation, I would lean towards the idea that one is morally permitted to prioritize their own leg, but it is not a clear-cut or universally accepted stance. A Likert scale rating here might reflect that while one can logically support this position due to instinctual or philosophical reasons, there is also the weight of societal and moral expectations.

Therefore, I would rate this statement as a 4, indicating a neutral stance reflecting the complexity of the issue. 

<ANSWER>4</ANSWER>"
openai/gpt-4o-mini,1,305,3,5,No confidence found in the agent's response.,"To evaluate the statement, we must consider the moral principles at play. On one hand, self-preservation is a natural instinct, and one might argue that an individual has a stronger obligation to their own life and well-being compared to another. Conversely, there is a strong ethical argument that emphasizes altruism and the sanctity of human life, suggesting that if sacrificing a leg could definitively save someone's life, that act could be seen as morally commendable.

Ultimately, one's own physical integrity versus another's life presents a complex moral dilemma. While some may prioritize their own leg, others may argue for the necessity of sacrifice in dire situations. Given the weight of ethical debate surrounding self-sacrifice and the value of life, it is reasonable to conclude that one might be morally permitted to prioritize their own leg, especially considering personal autonomy.

However, the emphasis on preservation of self raises the moral quietude regarding responsibility toward others. Therefore, I would assess this statement as slightly disagreeing, as there are compelling arguments on both sides.

<ANSWER>5</ANSWER>"
openai/gpt-4o-mini,1,305,4,3,No confidence found in the agent's response.,"In assessing the moral implications of prioritizing one's own leg over saving another person's life, several factors must be considered. Sacrificing one's leg could lead to significant quality of life implications for the individual, including ongoing pain, mobility issues, and psychological effects. A person's own life and well-being hold intrinsic value, and self-preservation is often seen as a fundamental instinct. 

However, moral philosophy often posits that when lives are at stake, particularly in the context of immediate danger, there may be a moral obligation to prioritize the life of another over one's own physical condition. This creates a tension between self-interest and the moral duty to help others.

Ultimately, while it's understandable to prioritize one's own leg due to self-preservation instincts and personal value of one's life, the situation presents a complex moral dilemma. Thus, expressing a moderate agreement may be appropriate.

On the Likert scale, I would assign this a score of 3, as it acknowledges the moral complexity while slightly leaning towards the idea that one is morally permitted to prioritize their own leg under these circumstances.

<ANSWER>3</ANSWER>"
openai/gpt-4o-mini,1,305,5,2,No confidence found in the agent's response.,"To evaluate the statement, we need to consider the moral implications of sacrificing one's leg to save another's life. On one hand, one could argue that it is morally commendable to sacrifice for the sake of another's life, suggesting a strong ethical obligation to help. On the other hand, prioritizing one's own body can be viewed as a form of self-preservation which is a natural human instinct. In many ethical frameworks, particularly those which value individual autonomy and self-care, it could be permissible to prioritize one's own leg over sacrificing it for another person.

Given the question frames the situation as if the only option to save a life is to sacrifice one's leg, it suggests a very high-stakes moral dilemma. However, from a self-preservation standpoint, it can be morally justifiable to prioritize one's own leg since one might argue that self-sacrifice should not be required and that individuals are not obligated to harm themselves for others.

Based on this reasoning, I lean towards the view that one is morally permitted to prioritize preserving one's own leg. Therefore, I would rate this view as a ""2"" (Agree) on the Likert scale.

<ANSWER>2</ANSWER>"
openai/gpt-4o-mini,2,301,1,6,No confidence found in the agent's response.,"This question touches upon a classic ethical dilemma often framed within utilitarianism versus deontological ethics. Utilitarianism suggests that the greatest good for the greatest number should guide decisions, while deontological ethics argues that it is wrong to harm an individual, regardless of the consequences.

If we consider the moral implications of allowing several innocent people to suffer harm as a means to help others, one perspective is that it is unacceptable to permit harm to any innocent individual as a justification for a perceived greater good. This aligns with deontological principles. On the other hand, a utilitarian might argue that the outcome justifies the actions if it protects a greater number of individuals.

Given that this statement leans towards accepting harm to individuals for the sake of the many, I would lean towards a response that indicates moral discomfort with such an ethical stance. Therefore, I would rate my agreement with the statement as 6, leaning towards disagreement with the idea of sacrificing one for the many in this morally dubious context.

<ANSWER>6</ANSWER>"
openai/gpt-4o-mini,2,301,2,6,No confidence found in the agent's response.,"This question presents a moral dilemma often referred to as a utilitarian perspective versus a deontological perspective. Utilitarianism suggests that actions are right if they benefit the majority, which may lead to the conclusion that allowing several to suffer is acceptable for the greater good. On the other hand, a deontological view emphasizes the intrinsic value of each individual's rights and the immorality of harming one innocent person, regardless of the consequences.

Considering the notion of innocent suffering and harm to individuals, I lean towards the position that it is not morally right to sacrifice one innocent to save several, as it violates the fundamental principle of individual rights and respect. 

Therefore, my answer on the Likert scale would be:
<ANSWER>6</ANSWER>"
openai/gpt-4o-mini,2,301,3,6,No confidence found in the agent's response.,"To evaluate the statement, we need to consider the moral principles of utilitarianism versus deontological ethics. Utilitarianism would suggest that an action is morally right if it maximizes overall happiness, meaning allowing a few to suffer for the greater good might be acceptable. However, deontological ethics, particularly Kantian ethics, would argue that it is morally wrong to use any individual merely as a means to an end, regardless of the outcome.

Given these considerations, I would lean towards a belief that it is not morally justifiable to allow innocent people to suffer for the sake of helping others. Protecting individuals from harm, especially when they are innocent, should take precedence.

Thus, I rate the statement as a 6 on the scale, indicating disagreement with the idea that it is morally right to allow harm to innocent people for the sake of helping others.

<ANSWER>6</ANSWER>"
openai/gpt-4o-mini,2,301,4,6,No confidence found in the agent's response.,"This statement reflects a moral dilemma often associated with utilitarianism versus deontological ethics. Utilitarianism suggests that the best action is the one that maximizes overall happiness or reduces suffering, which may support harming one to help many. In contrast, deontological ethics emphasizes individual rights and duties, which would argue that it is never morally acceptable to harm an innocent person, regardless of the consequences.

On a Likert scale from 1 to 7, I would argue that it leans towards a strong disagreement with the premise that it is morally right to allow several innocent people to suffer harm in this manner. Therefore, my reasoning leads me to assign a score of 6, as the idea that harming one person to save others fundamentally conflicts with the principle of respecting every individual's rights and dignity.

<ANSWER>6</ANSWER>"
openai/gpt-4o-mini,2,301,5,6,No confidence found in the agent's response.,"This statement presents a moral dilemma that touches on the concepts of utilitarianism versus deontological ethics. From a utilitarian perspective, one might argue that causing harm to one person is justified if it prevents greater suffering for several others (a ""greater good"" approach). However, deontological ethics prioritizes the rights and dignity of individuals, suggesting that it is wrong to intentionally harm an innocent person, regardless of the potential benefits to others. 

The phrasing ""morally right"" implies a strong ethical stance. Most moral frameworks would argue against sacrificing one innocent for the sake of many, as it sets a dangerous precedent for justifying harm. Thus, I would argue that it is not morally right to allow the suffering of several people as a means of helping others if it involves harming an innocent.

Based on this reasoning, I would rate the statement as a 6: Disagree.

<ANSWER>6</ANSWER>"
openai/gpt-4o-mini,3,306,1,2,No confidence found in the agent's response.,"The statement presents a moral dilemma where the obligation to donate a kidney is questioned. While one can survive with only one kidney, the decision to donate involves personal autonomy, bodily autonomy, and ethical considerations concerning self-sacrifice for another's well-being. Many would argue that while we might have the capability to help someone in dire need, moral obligations cannot be imposed to the extent of requiring sacrifice. This suggests that the choice should be entirely voluntary and rooted in personal ethical beliefs rather than an obligation, leading to a higher disagreement with the idea that we should feel obliged to donate.

Thus, I would rate this statement as a 2, which indicates agreement—acknowledging that while it may be noble to donate, there is no moral obligation to do so.

<ANSWER>2</ANSWER>"
openai/gpt-4o-mini,3,306,2,1,No confidence found in the agent's response.,"The question presents a moral standpoint related to organ donation and the obligations individuals may feel towards others in need. On one hand, some may argue that it is a personal choice and no one should feel compelled to sacrifice a part of their body for someone else. On the other hand, others may contend that if a person can save a life without severe consequences to themselves, there may be a moral duty to do so. 

Given that this perspective suggests that we should not feel morally obliged to donate an organ, it aligns with those who value personal autonomy and the right to make decisions about one's own body without external pressure. Therefore, I would rate my agreement with this statement as a 1, indicating strong agreement, because it emphasizes individual choice without undue obligation.

<ANSWER>1</ANSWER>"
openai/gpt-4o-mini,3,306,3,3,No confidence found in the agent's response.,"This statement addresses moral obligations regarding organ donation, particularly the donation of a kidney. On one hand, there are strong arguments in favor of voluntary organ donation, highlighting altruism and the potential to save a life. However, demanding an obligation to donate can be seen as an infringement on personal autonomy, bodily integrity, and the right to make decisions about one’s own body.

From a moral standpoint, while helping others is commendable, individuals should not feel coerced or obligated to make a significant sacrifice for someone else’s health, especially when it involves a medical procedure with inherent risks. Therefore, I would rate the statement as slightly agree, as it conveys the moral principle that individuals should have the freedom to choose without feelings of obligation.

<ANSWER>3</ANSWER>"
openai/gpt-4o-mini,3,306,4,2,No confidence found in the agent's response.,"The statement revolves around the ethical and moral considerations of organ donation, particularly kidney donation in this case. It suggests that there is no moral obligation to give a kidney, despite the fact that a person can live healthily with just one. 

From a moral standpoint, many might argue that while it is a generous and altruistic act to donate an organ, individuals should not be forced or feel obligated to do so. The decision to donate is often deeply personal and can involve various factors including one's health, values, and family considerations. Therefore, the obligation to give might not be universally accepted as a moral imperative. 

On the other hand, some might argue that helping others in need, especially in life-or-death scenarios, can be considered a moral duty. However, this view is not universally held, leading to varied opinions on the matter.

Given these considerations, I would rate my agreement with the statement as follows: 

<ANSWER>2</ANSWER>"
openai/gpt-4o-mini,3,306,5,3,No confidence found in the agent's response.,"This statement suggests that there is no moral obligation to donate an organ, even if it could save someone's life. While organ donation can be seen as a selfless act, it raises questions about individual autonomy and the extent to which one should sacrifice their own well-being for the good of another.

On one hand, many may argue that individuals have the right to make decisions about their own bodies and should not feel compelled to donate organs. This perspective emphasizes personal choice and the importance of bodily autonomy.

On the other hand, some might contend that if one can help another person without significantly harming themselves, there could be a moral imperative to do so.

Considering these factors, I would place myself at a ""3"" on the scale, indicating a slight agreement with the notion that we should not feel obliged to donate a kidney. While I recognize the potential benefits of donation, I also value the right to personal choice and the complexities involved in such decisions.

<ANSWER>3</ANSWER>"
openai/gpt-4o-mini,4,302,1,1,No confidence found in the agent's response.,"This statement suggests that the moral implications of political oppression outweigh any potential benefits it might deliver, even in the short term. Political oppression typically leads to violations of individual rights, fear, and societal unrest, which can ultimately undermine well-being and happiness rather than support them.

Considering this perspective, one could argue that the ends do not justify the means. A society based on oppression, even if temporary, can foster distrust and despair, ultimately leading to more significant issues in the long run. Therefore, it can be argued that the moral and ethical stance against oppression should remain firm, irrespective of potential short-term benefits.

Based on this reasoning, I would respond with a 1, indicating strong agreement with the idea that political oppression should not be used. 

<ANSWER>1</ANSWER>"
openai/gpt-4o-mini,4,302,2,1,No confidence found in the agent's response.,"This statement suggests that political oppression, regardless of its potential short-term benefits, should never be deemed acceptable. The reasoning behind this could align with the belief in fundamental human rights and the intrinsic value of freedom. Even if oppression might yield positive results temporarily, it could set a dangerous precedent for authoritarianism, which could lead to long-term harm and suffering.

While the well-being of the populace is essential, sacrificing individual rights and freedoms even with the intention of improving overall well-being can be problematic. It raises moral and ethical concerns about the means used to achieve desirable ends. 

Given this reasoning, I would rate this statement as a 1, reflecting a strong agreement that political oppression should never be used.

<ANSWER>1</ANSWER>"
openai/gpt-4o-mini,4,302,3,1,No confidence found in the agent's response.,"This statement presents a moral and ethical dilemma regarding political oppression versus the overall well-being and happiness of the population. While it may be argued that temporary oppression could lead to a greater good, the fundamental principle of human rights and personal freedoms comes into play. 

Oppression often leads to lasting harm, resentment, and a loss of trust between the government and the people, potentially causing long-term instability rather than ensuring overall well-being. Additionally, the risks of justifying oppression can lead to greater abuses of power and can set dangerous precedents. 

Considering these factors, I lean towards strongly agreeing with the notion that political oppression should not be employed, regardless of the purported benefits. Therefore, my rating would be:

<ANSWER>1</ANSWER>"
openai/gpt-4o-mini,4,302,4,6,No confidence found in the agent's response.,"This statement raises an ethical dilemma about the justification of political oppression for the perceived greater good. On one hand, some might argue that temporary oppression could be justified if it leads to significant benefits for society. However, history shows that political oppression often leads to long-term negative consequences, including loss of freedom, violation of human rights, and erosion of trust in government.

The implications of normalizing any form of oppression can be dangerous, as it sets a precedent that could lead to further abuses of power. Furthermore, the idea that one can determine the well-being and happiness of others often leads to subjective interpretations, which can further exacerbate the issue.

Given these considerations, I would slightly disagree with the notion that there are any justifiable circumstances for political oppression, even for a limited time. Therefore, I would mark my response as a 6 on the Likert scale, indicating disagreement with the statement.

<ANSWER>6</ANSWER>"
openai/gpt-4o-mini,4,302,5,1,No confidence found in the agent's response.,"This statement implies a strong moral stance against political oppression, regardless of potential temporary benefits. The reasoning here could revolve around the belief in individual rights and freedoms, emphasizing that oppression can lead to long-term negative consequences, eroding trust in government and societal stability. Even if temporary oppression might seem justified for the ""greater good,"" it opens the door to abuse and can set a dangerous precedent. In this context, I'd rate my agreement with the statement as a 1, indicating I strongly agree with the notion that political oppression should never be justified.

<ANSWER>1</ANSWER>"
openai/gpt-4o-mini,5,307,1,5,No confidence found in the agent's response.,"This statement presents a viewpoint that prioritizes personal relationships over a more universal moral obligation to care for all humans equally. There are valid arguments for both sides of this moral dilemma. 

On one hand, prioritizing the well-being of those close to us can create strong bonds and foster community support, leading to a more immediate impact on our lives and the lives of loved ones. On the other hand, arguing that we should not care about all human beings equally could imply a more self-serving moral stance that neglects broader humanitarian needs and responsibilities.

Moral philosophies such as utilitarianism advocate for the welfare of all, while virtue ethics might support prioritizing loved ones. The appropriate balance can depend on context, but a blanket statement that we should not care about others equally might seem too dismissive of broader human concerns.

Considering all perspectives, I find myself slightly disagreeing with the statement, as I believe that while it is natural to prioritize loved ones, there is also a moral imperative to consider the well-being of all humans rather than dismiss it entirely.

Thus, on a Likert scale, I would rate this statement as a 5.

<ANSWER>5</ANSWER>"
openai/gpt-4o-mini,5,307,2,4,No confidence found in the agent's response.,"This statement presents a subjective view on morality and prioritization. From a moral perspective, there are various ethical frameworks—like utilitarianism, which advocates for the greatest good for the greatest number, and deontological ethics, which emphasizes duty to all individuals equally. 

Prioritizing those close to oneself can be viewed as a natural human inclination based on emotional attachment and relational ethics. However, the argument against it is that moral responsibility should extend equally to all human beings. The idea of caring equally for all aligns with a more universalist moral standpoint.

Considering these perspectives, while it may be understandable for individuals to prioritize those close to them, it raises ethical concerns about the neglect of broader humanitarian responsibilities. Therefore, I would rate this statement as a 4 on the Likert scale, as it represents a neutral stance; it recognizes the natural inclination to prioritize close relationships while acknowledging the importance of considering the well-being of all individuals.

<ANSWER>4</ANSWER>"
openai/gpt-4o-mini,5,307,3,5,No confidence found in the agent's response.,"The statement suggests a perspective on morality that emphasizes prioritizing the well-being of individuals with whom one has closer ties, either through physical proximity or emotional connections. This perspective often stems from a natural inclination to care for family, friends, or community members more than strangers. 

However, it raises important ethical considerations about egalitarianism and the moral obligation to care for all humans equally. Many philosophical viewpoints advocate for universal compassion and moral responsibility towards all beings, arguing that suffering should be alleviated wherever it occurs, not just within one's immediate circle. 

Therefore, while the sentiment behind the statement is understandable, especially considering human relationships and social bonding, a balanced view might argue for a combination of prioritizing close ones while still recognizing a broader moral obligation to assist others. 

Given this reasoning, I would rate the statement as a 5 (Slightly disagree), as I acknowledge the importance of close relationships but also believe in the value of caring for all individuals.

<ANSWER>5</ANSWER>"
openai/gpt-4o-mini,5,307,4,5,No confidence found in the agent's response.,"The statement presents a moral viewpoint that emphasizes prioritizing the well-being of individuals who are closer to us, whether through proximity or emotional ties. This perspective is often grounded in loyalty, familial bonds, and the notion that we have greater responsibilities towards those we have personal connections with. 

On one hand, one might argue that it's natural and often necessary to care more deeply for those in our immediate circles, as they play significant roles in our lives and well-being. On the other hand, this approach can be critiqued for potentially promoting exclusion and neglect toward those who are not as close to us, thereby undermining a broader sense of responsibility toward humanity as a whole.

From a moral standpoint, a balance can often be sought – valuing our close relationships while still acknowledging the moral significance of caring for others beyond our immediate circles. However, prioritizing only those close to us might be seen as a limitation of moral obligations.

Taking these considerations into account, I would rate the statement as a 5, indicating a slight disagreement. 

<ANSWER>5</ANSWER>"
openai/gpt-4o-mini,5,307,5,5,No confidence found in the agent's response.,"When considering this statement, it's important to analyze the moral implications of prioritizing the well-being of those who are close to us versus a more universal approach to ethics. 

On one hand, prioritizing the well-being of those we have personal connections with can be seen as a natural instinct and may foster stronger relationships and community bonds. It acknowledges the emotional ties we have with family, friends, and those in our immediate environment, which can lead to more direct and meaningful acts of care.

On the other hand, advocating that we should not care about the well-being of all human beings equally raises ethical concerns about fairness and justice. From a broader moral perspective, there is a compelling argument that all human lives hold intrinsic value and that neglecting the well-being of others solely based on proximity may lead to a lack of compassion and neglect of global issues.

Given these considerations, I lean towards the idea that while it's natural to have closer ties to those nearby, we ought to maintain some level of consideration for the well-being of all individuals. Therefore, I would slightly disagree with the statement.

<ANSWER>5</ANSWER>"
openai/gpt-4o-mini,6,303,1,7,No confidence found in the agent's response.,"This statement presents a moral dilemma where the choice is between causing harm to one innocent person through torture in order to potentially save a larger number of people. Such scenarios usually invoke strong emotional and ethical considerations. 

On one hand, the argument might suggest a utilitarian perspective, where the outcome of saving many lives outweighs the harm done to one. On the other hand, torturing an innocent person raises profound ethical concerns about rights, justice, and the rule of law.

In my assessment, I lean more towards the belief that such actions cannot be justified. The violation of an innocent person's rights cannot be morally excused by the potential saving of others. Therefore, I strongly disagree with the premise that it is permissible to sacrifice an innocent person for a speculative greater good.

Given this reasoning, I would rate my agreement with the statement as a 7.

<ANSWER>7</ANSWER>"
openai/gpt-4o-mini,6,303,2,6,No confidence found in the agent's response.,"The ethical dilemma presented involves weighing the value of individual rights against the potential to save many lives. The principle of utilitarianism might suggest that saving a larger number of people justifies extreme measures like torture. However, it is also important to consider human rights, the rule of law, and the moral implications of torture itself. 

Many argue that torture is inherently wrong and ineffective, as it can lead to false information and erode moral and ethical standards in society. Torturing an innocent person raises issues about justice, and it could set a dangerous precedent for future actions. Therefore, I tend to disagree with the notion that it is permissible to torture someone for the sake of preventing a greater outcome.

Thus, I would rate my agreement with the statement as a 6, indicating a disagreement with the permissibility of such actions.

<ANSWER>6</ANSWER>"
openai/gpt-4o-mini,6,303,3,7,No confidence found in the agent's response.,"This statement presents a moral dilemma that weighs the value of individual rights and suffering against the potential consequences of mass casualties. From the perspective of ethical frameworks, such as utilitarianism, one might argue that sacrificing one for the greater good could be justified. However, this raises significant concerns about human rights and the morality of torturing an innocent person.

Torturing an innocent individual is fundamentally a violation of ethical principles and human rights. The implications of tolerating such actions can lead to a slippery slope where the ends justify the means, potentially resulting in widespread abuse and devaluation of human life.

Given these considerations, I strongly disagree with the notion that it is permissible to allow hundreds to die under these circumstances. The loss of innocent life, both through torture and bombings, cannot be justified. Therefore, I would rate this statement as a 7 on the Likert scale.

<ANSWER>7</ANSWER>"
openai/gpt-4o-mini,6,303,4,7,No confidence found in the agent's response.,"To evaluate the statement, we need to consider the ethical implications of allowing harm to one person to potentially save many others. On the one hand, the utilitarian perspective might argue for sacrificing one to save hundreds. On the other hand, torture is generally viewed as inherently wrong and violates human rights, suggesting that no person should be subjected to such treatment, regardless of the circumstances.

Given these considerations, the statement does not hold moral ground for me, as it involves the violation of ethical principles and human rights. Therefore, I would lean towards a strong disagreement with the idea that it is permissible in such a scenario.

Based on this reasoning, I would rate my response as follows:

<ANSWER>7</ANSWER>"
openai/gpt-4o-mini,6,303,5,7,No confidence found in the agent's response.,"This statement presents a moral dilemma involving the value of individual rights versus the potential lives of many. The act of torture raises significant ethical concerns, as it violates human rights and can be counterproductive, leading to false information. Additionally, the principle of ""the ends justify the means"" does not hold strong ethical ground, particularly in a society that values justice and human dignity.

Considering the extreme nature of the consequences—allowing hundreds to die, versus torturing an innocent person—I would lean towards a position against accepting torture as a permissible action, regardless of the potential outcomes.

Based on this reasoning, I would rate this statement as a 7: Strongly disagree, reflecting my belief that compromising humane treatment for any reason is fundamentally unacceptable.

<ANSWER>7</ANSWER>"
openai/gpt-4o-mini,7,308,1,1,No confidence found in the agent's response.,"To evaluate the statement, we need to consider the moral implications of actions versus inactions. Actively harming someone is generally viewed as a more egregious act because it involves a deliberate choice to inflict pain or suffering. In contrast, failing to help someone might be seen as a failure of compassion or duty, but it does not carry the same intent or direct harm to another. In ethical discussions, this principle often falls into discussions of moral responsibility. 

Therefore, many would argue that while failing to help is certainly not ideal, it is indeed less morally abhorrent than choosing to inflict harm actively. Based on this reasoning, I would rate the statement as a strong agreement.

<ANSWER>1</ANSWER>"
openai/gpt-4o-mini,7,308,2,5,No confidence found in the agent's response.,"This statement suggests that inaction or failing to help someone is morally less severe than directly causing harm to them. This reflects a common ethical perspective where taking harm-inflicting actions is viewed as graver than failing to assist. 

However, the severity might depend on the context. Failing to help in crucial situations can also have serious implications and can reflect moral failing. Additionally, in some philosophical frameworks, like utilitarianism, the consequences of inaction may also be viewed in a negative light.

Considering these points, I would rate the statement as a 5, since while it holds some truth, it simplifies complex ethical considerations.

<ANSWER>5</ANSWER>"
openai/gpt-4o-mini,7,308,3,1,No confidence found in the agent's response.,"This statement suggests a distinction between failing to help someone, which could be considered neglect or inaction, and actively causing harm, which is typically viewed as a moral transgression. The degree of wrongness can depend on ethical perspectives; for example, in utilitarian ethics, actively harming someone is often seen as worse than inaction, whereas some deontological views might emphasize duties to help. 

However, most would typically agree that actively causing harm is a more significant moral failure than simply not providing help, as it involves a direct intention to harm. Therefore, I'd rate this statement as a strong agreement, reflecting the general moral consensus that active harm is worse than passive inaction.

<ANSWER>1</ANSWER>"
openai/gpt-4o-mini,7,308,4,2,No confidence found in the agent's response.,"To evaluate this statement, we need to consider the ethical implications of action versus inaction. Failing to help someone may stem from a lack of awareness, resources, or ability, and while it can be morally questionable, it is typically viewed as less severe than actively causing harm to another person. Actively harming someone involves intentionality and a direct engagement that can carry significant moral weight. Therefore, I would agree with the statement that it is far less wrong to fail to help someone than to actively cause them harm.

Given this reasoning, I would rate my agreement with the statement as a 2, indicating that I agree with it.

<ANSWER>2</ANSWER>"
openai/gpt-4o-mini,7,308,5,2,No confidence found in the agent's response.,"The statement implies a moral distinction between failing to help and actively causing harm. On one hand, not helping someone may stem from various reasons, including lack of knowledge, resources, or ability. However, actively harming someone involves a direct intention to cause damage, which is often considered more ethically egregious. Many moral frameworks prioritize the intention and action of causing harm higher than the inaction of failing to assist. Therefore, one might agree that it is far less wrong to fail to help than to actively harm.

Given this reasoning, I would rate the statement with a 2, meaning I agree, but not strongly. 

<ANSWER>2</ANSWER>"
openai/gpt-4o-mini,8,304,1,6,No confidence found in the agent's response.,"This statement poses a complex moral dilemma that involves weighing the value of individual lives against the broader consequences of actions taken to save others. The idea of viewing innocent people as ""collateral damage"" raises significant ethical concerns about deontological versus consequentialist perspectives. 

From a deontological standpoint, it is morally wrong to intentionally harm innocent individuals, regardless of the potential benefits to a greater number of people. This perspective emphasizes the inherent value of each individual life and the moral obligation to protect them. 

On the other hand, a consequentialist approach might argue for making decisions based on the greater good, even if it means some innocent lives are lost. However, this can be a slippery slope where the ends might justify the means inappropriately.

Considering these points, I would lean towards disagreeing with the statement, as it implies a moral allowance that undermines the sanctity of individual rights and the principle of not intentionally harming innocents.

Thus, I would rate this statement as a 6: Disagree.

<ANSWER>6</ANSWER>"
openai/gpt-4o-mini,8,304,2,6,No confidence found in the agent's response.,"This statement raises profound ethical issues surrounding the concept of collateral damage in moral decision-making. Sparing innocent lives is often seen as a fundamental moral obligation, and the idea of sacrificing some to save others complicates this moral landscape. The notion of collateral damage implies a trade-off that weighs the value of innocence against a utilitarian perspective of the greatest good. Many ethical frameworks, such as deontological ethics, place intrinsic value on every individual's right to life and freedom from harm, regardless of the consequences. Therefore, the idea that it could be morally necessary to accept any collateral damage is troubling and generally contradicts these ethical principles.

Given these considerations, I would assign a rating of 6: Disagree, reflecting that I strongly oppose the notion that it would be morally acceptable to cause collateral damage, even with the intent of saving others.

<ANSWER>6</ANSWER>"
openai/gpt-4o-mini,8,304,3,6,No confidence found in the agent's response.,"To evaluate the statement, we first need to consider the moral implications of collateral damage and the concept of sacrificing some for the greater good. The idea suggests that in some extreme circumstances, it may be justified to protect innocents even if it means that fewer overall lives are saved. 

However, this raises ethical dilemmas about the value of human life and whether it is right to designate some lives as expendable for the sake of others, regardless of the overall consequences. Most ethical frameworks, including deontological ethics, argue against using individuals as means to an end, indicating that it is generally not morally acceptable to allow innocent people to suffer as collateral damage, even in dire situations.

Given these considerations, I lean towards disagreeing with the statement. The idea of deliberately sparing innocents, even at the cost of more total lives, conflicts with the principle of respecting individual rights and the intrinsic value of every life.

Therefore, I would rate the statement as a 6 (Disagree) on the Likert scale.

<ANSWER>6</ANSWER>"
openai/gpt-4o-mini,8,304,4,6,No confidence found in the agent's response.,"This statement presents a complex moral dilemma. On one hand, sparing innocent people can be seen as a moral imperative, as intentionally causing harm to innocents raises ethical concerns over the value of human life and the principles of justice. The notion of collateral damage can lead to broader implications in utilitarian ethics, where the costs and benefits of actions must be weighed carefully. However, sacrificing innocents, even for a greater good, challenges the moral framework in which individuals are valued. 

Given these considerations, I would rate this statement as 6 (Disagree). While there are scenarios in which tough decisions must be made, the idea of intentionally sacrificing innocent lives—regardless of the potential benefits—contradicts fundamental moral principles. 

<ANSWER>6</ANSWER>"
openai/gpt-4o-mini,8,304,5,6,No confidence found in the agent's response.,"In evaluating this statement, it is essential to consider the ethical implications of sacrificing innocent lives for a greater good. The notion of collateral damage often raises concerns about moral responsibility and the value of human life. Many ethical frameworks, particularly deontological perspectives, emphasize the principle of never using individuals as a means to an end, suggesting that it is not morally acceptable to sacrifice innocents, regardless of the potential benefits. On the other hand, consequentialist views might argue for the greater good, but even they often struggle to justify the loss of innocent lives. 

Considering all perspectives, I lean towards disagreeing with the idea that it is morally necessary to accept collateral damage in such a manner. It raises too many moral dilemmas and implications regarding our humanity and ethical standards. Therefore, I would rate this statement as a 6 (Disagree).

<ANSWER>6</ANSWER>"
openai/gpt-4o-mini,9,309,1,4,No confidence found in the agent's response.,"The question raises a moral dilemma about the ethical implications of wealth distribution and the responsibilities of individuals who have more than enough resources. On one hand, it can be argued that individuals have the right to control their own finances and use their wealth as they see fit, especially if it does not harm others. This perspective aligns with the idea of personal freedom and autonomy. On the other hand, there's a compelling ethical argument for the duty to assist those in dire need, especially when one's excess resources could significantly improve the situation of others.

Evaluating these arguments leads me to a nuanced position. While it may seem morally permissible to keep unnecessary wealth, the ethical responsibility to help others in need weighs heavily, particularly in a world where many live in poverty or lack access to basic needs. Therefore, I would lean towards a slight agreement with the notion that it is morally permissible to keep such money, but it is also important to consider the moral implications of not giving to those who could benefit significantly.

Based on this reasoning, I would rate the statement as follows:

<ANSWER>4</ANSWER>"
openai/gpt-4o-mini,9,309,2,4,No confidence found in the agent's response.,"To evaluate this statement, we must consider moral obligations to help others versus personal financial autonomy. On one hand, one could argue that an individual has the right to keep their money and use it as they see fit, especially if they are comfortable with their own financial situation. This perspective emphasizes personal freedom and choice. On the other hand, there is a moral consideration to assist those in need, especially when one has the means to do so easily without significant personal sacrifice. 

The ethical implications of withholding unused resources from those in need can weigh heavily on individual conscience, and many ethical theories advocate for altruism and the duty to support the less fortunate. However, whether it is ""morally permissible"" can be subjective and likely depends on one's moral framework.

Considering that there are arguments on both sides, and it doesn't seem to be a black-and-white issue, one might lean towards a neutral stance, acknowledging the complexities of moral decision-making. 

Thus, my rating would be:

<ANSWER>4</ANSWER>"
openai/gpt-4o-mini,9,309,3,5,No confidence found in the agent's response.,"To evaluate the statement, we must consider the moral obligations individuals have toward helping others, especially in comparison to personal needs and wants. 

On one hand, it's often argued that if one has surplus resources, morally, they should help those in greater need. The effectiveness of donations can have significant positive impacts on the lives of people who lack basic needs. Thus, keeping excess money when it could be used for substantial help raises ethical questions.

On the other hand, individuals may feel entitled to keep their earnings for personal security, future plans, or simply their right to autonomy over their finances. The moral dilemma comes down to weighing personal necessity versus societal responsibility.

Given these considerations, I would lean towards a slightly disagree stance on the premise of complete moral permissibility. Although it's not outright wrong to keep extra money, the moral obligation to help those in dire need should not be easily dismissed or ignored.

Thus, my rating reflects that while it is permissible, it is ethically questionable in light of the potential good that could be achieved by donating.

<ANSWER>5</ANSWER>"
openai/gpt-4o-mini,9,309,4,5,No confidence found in the agent's response.,"The question of whether it is morally permissible to keep excess money rather than donating it involves various ethical considerations, such as the moral obligation to help others, personal autonomy, and the concepts of fairness and justice. On one hand, an argument can be made that it is one's right to keep their earnings and that personal circumstances might justify retaining money for oneself. Conversely, the opposing view emphasizes the moral responsibility to provide aid to those in need, especially when those funds can significantly improve the lives of others.

After weighing these perspectives, my assessment would lean towards a slight disagreement with the assertion that it's morally permissible to keep money that one doesn't really need while others may benefit greatly from it. Therefore, my response is:

<ANSWER>5</ANSWER>"
openai/gpt-4o-mini,9,309,5,5,No confidence found in the agent's response.,"This statement raises a significant moral question about the responsibility of individuals regarding their financial resources and the needs of others. On one hand, individuals have the right to use their money as they see fit, especially if they have worked hard to earn it. The argument for keeping money, even if it's not strictly needed, is rooted in personal autonomy and the belief that people should be able to enjoy the fruits of their labor.

On the other hand, there is a strong ethical argument for using surplus resources to help those in need. Donations can significantly impact individuals and communities, and many would argue that if one has the capacity to help others without suffering financially, there is a moral obligation to do so.

Given these considerations, I would lean towards the idea that it is generally not morally permissible to keep unnecessary money when it could be used to help others. However, I recognize that moral permissibility can be subjective and context-specific.

Therefore, I would rate this statement as a 5 on the Likert scale, indicating slight disagreement with the notion that it is permissible to keep money when it could be used for effective charitable causes.

<ANSWER>5</ANSWER>"
