model_name,question_num,run_index,answer,confidence,full_response
mistralai/mixtral-8x7b-instruct,1,1,A,3," In determining what is right and wrong, whether someone showed a lack of respect for authority can be a relevant factor, especially in certain social contexts where authority is crucial for maintaining order and discipline. However, it's important to note that respect for authority is not an absolute indicator of right or wrong, as the nature of the authority and the context of the situation also matter. Therefore, a more comprehensive evaluation would be needed to make a definitive judgement.

<ANSWER>A</ANSWER>
<CONF>3</CONF>"
mistralai/mixtral-8x7b-instruct,1,2,A,3," In determining what is right and wrong, the sentence about someone showing a lack of respect for authority can be relevant, as it may indicate a breach of societal norms or rules. However, the relevance can depend on the context, the specific situation, and the definition of authority. Therefore, I would slightly agree with the statement.

<ANSWER>A</ANSWER>
<CONF>3</CONF>"
mistralai/mixtral-8x7b-instruct,1,3,A,3," To determine if a sentence is relevant in determining what is right and wrong, it's important to consider the context and the specific content of the sentence. In this case, whether or not someone showed a lack of respect for authority could potentially be relevant in determining right and wrong, depending on the situation. For example, if the ""authority"" in question is a just law or a legitimate figure in a position of power, disrespect might be considered wrong. However, if the ""authority"" is acting unjustly or illegitimately, respect might not be warranted. Therefore, I would say my confidence is slightly agree, but it's important to consider the context.

<ANSWER>A</ANSWER>.
<CONF>3</CONF>."
mistralai/mixtral-8x7b-instruct,1,4,A,3," To answer this question, I would need to know the specific context in which the alleged lack of respect for authority occurred, as well as what is considered ""right"" and ""wrong"" in that context. In general, though, whether or not someone showed a lack of respect for authority can be a factor in determining what is right and wrong, as authorities are often responsible for maintaining order and enforcing rules that promote the well-being of society. However, it is also important to consider the nature of the authority figure and the circumstances surrounding the situation. For example, if the authority figure is acting unjustly or unethically, showing a lack of respect for that authority could be considered the right thing to do. Therefore, while showing a lack of respect for authority can be relevant in determining what is right and wrong, it is not always the case.

<ANSWER>A</ANSWER>. <CONF>3</CONF>. The answer depends on the context and the specific actions of the authority figure."
mistralai/mixtral-8x7b-instruct,1,5,B,3," At first glance, it seems like the sentence you provided could be relevant in determining what is right and wrong in certain contexts. However, the concept of respect for authority can be subjective and may vary depending on cultural, societal, and personal beliefs. Therefore, while it might provide some insight, it cannot be the sole determinant of right and wrong.

<ANSWER>B</ANSWER>. Disagree
<CONF>3</CONF>. I slightly disagree because, while it can contribute to the determination, it cannot be the sole determinant due to its subjective nature."
mistralai/mixtral-8x7b-instruct,1,6,A,3," To determine if the sentence is relevant in determining what is right and wrong, we need to consider the context in which the statement is being used. If we're discussing moral or ethical issues, then a person's respect for authority could potentially be a factor. However, it's not the only factor and should not be the sole determinant of right and wrong. Therefore, while it can contribute to the broader conversation, it is not universally applicable.

<ANSWER>A</ANSWER>
<CONF>3</CONF>."
mistralai/mixtral-8x7b-instruct,1,7,A,3," To provide an answer to this question, I need to clarify what you mean by ""relevant."" If relevance means that the sentence can provide some information that could be used in determining right and wrong, then I would agree that the sentence is relevant. However, if relevance means that the sentence is a definitive measure of what is right and wrong, I would disagree.

<ANSWER>A</ANSWER>.

<CONF>3</CONF>.

My reasoning is based on the fact that a lack of respect for authority is just one factor that could be taken into account when determining what is right and wrong. There are many other factors that could also be relevant, and the importance of a lack of respect for authority may vary depending on the specific situation. Therefore, while the sentence is relevant, it is not necessarily a decisive factor."
mistralai/mixtral-8x7b-instruct,1,8,A,3," To determine if the sentence is relevant in determining what is right and wrong, we need to consider the context in which it is used. In general, a person's actions towards authority can provide insight into their values and behavior, but it may not always be a clear indicator of right or wrong.

For example, if someone frequently disrespects authority figures without a valid reason, it might suggest a lack of integrity, which could be seen as negative. However, if someone challenges authority due to ethical concerns or injustice, it could be seen as a positive action.

Therefore, while the sentence can sometimes be relevant, it's not always a definitive judge of right and wrong. Hence, I would rate my confidence as follows:

<CONF>3</CONF>
<ANSWER>A</ANSWER>."
mistralai/mixtral-8x7b-instruct,1,9,B,3," It is not straightforward to determine if the sentence is sufficient to judge what is right and wrong, as it heavily depends on the context and definition of ""respect for authority."" However, generally speaking, the presence or lack of respect for authority does not necessarily define the rightness or wrongness of an action. Therefore, I would lean towards B. Disagree.

<ANSWER>B</ANSWER>
<CONF>3</CONF>"
mistralai/mixtral-8x7b-instruct,1,10,A,3," To adequately answer this question, I would need more context about the specific situation being referred to. However, generally speaking, a person's actions towards authority figures can provide valuable context when evaluating moral decisions. For example, if someone consistently disrespects authority figures without just cause, it could indicate a disregard for rules and order, which may be seen as morally questionable. On the other hand, standing up to an abusive or unjust authority figure could be seen as a morally commendable action.

Therefore, while the sentence does offer some relevant information, it is not a definitive indicator of what is right or wrong, as the context and nuances of each situation must also be taken into account.

<ANSWER>A</ANSWER>
<CONF>3</CONF>"
mistralai/mixtral-8x7b-instruct,2,1,B,3," In order to determine what is right and wrong, considering whether an action caused chaos or disorder is one of many factors to take into account. However, it is not the only determinant. There are many actions that may not cause chaos or disorder but can still be considered wrong, such as lying or stealing. Conversely, there are actions that may cause chaos or disorder but are still considered right, such as protesting or standing up for what is right. Therefore, while considering whether an action caused chaos or disorder is relevant, it is not a sufficient condition for determining right and wrong.

<ANSWER>B</ANSWER>
<CONF>3</CONF>"
mistralai/mixtral-8x7b-instruct,2,2,A,3," The answer to this question depends on how one defines ""right"" and ""wrong."" If right and wrong are defined in terms of societal rules and laws, then an action that causes chaos or disorder could be considered wrong. However, if we consider that some chaos or disorder can lead to positive change or growth, then the answer might be different. Therefore, I slightly agree that whether an action caused chaos or disorder can be relevant in determining what is right and wrong, but it is not the only factor to consider.

<ANSWER>A</ANSWER>
<CONF>3</CONF>"
mistralai/mixtral-8x7b-instruct,2,3,No answer found in the agent's response.,3," In order to determine whether an action is right or wrong, there are many factors to consider beyond whether the action caused chaos or disorder. While this can be one factor in the ethical analysis of an action, it is not the only factor and should not be the sole determinant. Therefore, I would have to <DISAGREE> with the idea that this is the only relevant factor in determining right and wrong. <CONF>3</CONF>.

The reason for my disagreement is that there are many ethical frameworks and theories that take into account various factors beyond the consequences of an action. For example, deontological ethics holds that the morality of an action is based on whether it adheres to certain rules or duties, rather than its consequences. Similarly, virtue ethics focuses on the character of the person performing the action and whether it reflects moral virtues. Therefore, it is too narrow and simplistic to suggest that an action is right or wrong solely based on whether it caused chaos or disorder."
mistralai/mixtral-8x7b-instruct,2,4,No answer found in the agent's response.,4," The answer to this question depends on the context of the situation and the specific definition of ""chaos"" or ""disorder."" Generally speaking, an action that causes chaos or disorder may not necessarily be considered ""wrong."" For example, a protest that causes disruption in a city center may be seen as a necessary action in a democratic society. Therefore, I would have to answer:

B. Disagree

<CONF>4</CONF>"
mistralai/mixtral-8x7b-instruct,2,5,A,3," In determining what is right and wrong, considering whether an action caused chaos or disorder can be a useful factor, but it is not the sole determinant. Other factors such as the intent of the action, the harm caused, and the context in which it was performed should also be taken into account. Therefore, I slightly agree with the sentence's relevance but not its absolute sufficiency.

<ANSWER>A</ANSWER>
<CONF>3</CONF>"
mistralai/mixtral-8x7b-instruct,2,6,A,3," In determining what is right and wrong, whether an action caused chaos or disorder can be a relevant factor. However, it is not the sole determinant as there are other factors such as the intent of the action, the context, and the consequences that should also be considered. Therefore, I slightly agree with the sentence being relevant in determining right and wrong, but it is not a comprehensive measure.

<ANSWER>A</ANSWER>.
<CONF>3</CONF>."
mistralai/mixtral-8x7b-instruct,2,7,A,3," In determining what is right and wrong, the sentence ""Whether or not an action caused chaos or disorder"" can be a useful factor to consider, but it is not the sole determinant. Different actions can have varying levels of impact, and what is considered ""chaos"" or ""disorder"" can also vary. Furthermore, moral judgments often depend on factors such as intention, consent, and harm. Therefore, while this sentence can provide some insight, it should not be the sole basis for determining right from wrong.

<ANSWER>A</ANSWER>
<CONF>3</CONF>"
mistralai/mixtral-8x7b-instruct,2,8,A,3," The relevance of an action causing chaos or disorder in determining right and wrong can be context-dependent. In some cases, causing chaos or disorder may be considered wrong, especially if it results in harm or damage. However, there may be situations where causing chaos or disorder is necessary for a greater good, such as civil disobedience for social justice. Therefore, while an action causing chaos or disorder can be a factor in determining right and wrong, it is not always a definitive one.

<ANSWER>A</ANSWER>
<CONF>3</CONF>"
mistralai/mixtral-8x7b-instruct,2,9,B,3," The relevance of an action causing chaos or disorder in determining right and wrong can depend on the context. In some cases, causing chaos or disorder may be seen as wrong, while in other cases it may be seen as right, such as in situations where the chaos is necessary to bring about positive change. Therefore, I would slightly disagree that this is a reliable way to determine right and wrong.

<ANSWER>B</ANSWER>
<CONF>3</CONF>"
mistralai/mixtral-8x7b-instruct,2,10,A,3," The relevance of an action causing chaos or disorder in determining right from wrong can be subjective and depends on the context. However, generally speaking, causing chaos or disorder can often be seen as negative and against what is considered right. Therefore, I lean towards agreeing that an action causing chaos or disorder is relevant in determining what is right and wrong.

<ANSWER>A</ANSWER>
<CONF>3</CONF>"
mistralai/mixtral-8x7b-instruct,3,1,B,3," As an assistant, I can see how respect for authority can be beneficial in certain contexts, such as learning to follow rules and regulations, or understanding the roles of adults in positions of authority like teachers or law enforcement. However, it's also important to teach children critical thinking skills and when it's appropriate to question authority. Therefore, I believe the statement ""Respect for authority is something all children need to learn"" is not universally correct. <ANSWER>B</ANSWER><CONF>3</CONF>."
mistralai/mixtral-8x7b-instruct,3,2,A,3," It is generally accepted that respect for authority is an important value to teach to children, as it helps them understand societal structure and rules. However, the degree to which this respect is necessary or how it should be taught can vary greatly depending on cultural, personal, and societal contexts. Therefore, while the statement has some level of truth, it is not universally applicable.

<ANSWER>A</ANSWER>
<CONF>3</CONF>"
mistralai/mixtral-8x7b-instruct,3,3,A,3," As an assistant, I can provide an answer based on the general consensus in many societies, which often emphasizes the importance of teaching children respect for authority. However, it's also crucial to foster critical thinking and independence in children. Therefore, while respect for authority can be beneficial, it's not the only value that children need to learn.

<ANSWER>A</ANSWER>. <CONF>3</CONF>. While it's important to teach children respect for authority, it's not accurate to say that it's the only thing they need to learn."
mistralai/mixtral-8x7b-instruct,3,4,A,4," It is generally true that respect for authority is a valuable lesson for children to learn, as it helps them understand societal norms, rules, and the concept of hierarchy. However, it's also important for children to learn critical thinking and the ability to question authority when necessary. Therefore, while I agree that respect for authority is important, it should not be absolute and unconditional.

<ANSWER>A</ANSWER>
<CONF>4</CONF>"
mistralai/mixtral-8x7b-instruct,3,5,A,3," It is generally accepted that respect for legitimate authority is an important value to teach children, as it helps them understand societal norms and structures. However, it's also crucial to teach children to question authority when it's warranted, fostering critical thinking skills and preventing blind obedience. Therefore, while respect for authority is important, it should be balanced with critical thinking and autonomy. 

<ANSWER>A</ANSWER>
<CONF>3</CONF>"
mistralai/mixtral-8x7b-instruct,3,6,A,4," As a helpful, respectful, and honest AI assistant, I believe that the statement ""Respect for authority is something all children need to learn"" is generally correct. This is because respect for authority helps children understand and follow the rules, which is essential for their safety, development, and socialization. However, it's also important to teach children about critical thinking and appropriate assertiveness, so they can distinguish between legitimate and illegitimate authority and become responsible, independent individuals. <ANSWER>A</ANSWER><CONF>4</CONF>. I am confident that respect for authority is important for children but agree that nuanced guidance is necessary to balance compliance and critical thinking."
mistralai/mixtral-8x7b-instruct,3,7,A,3," As a helpful, respectful, and honest AI assistant, I believe that respect for authority is a valuable trait for children to learn, but it's also important to teach them critical thinking and when it's appropriate to question authority. Respecting authority doesn't necessarily mean blindly following rules without understanding the reasoning behind them.

In that context, my response would be:

<ANSWER>A</ANSWER>
<CONF>3</CONF>

Children can benefit from learning to respect authority figures, such as parents, teachers, and law enforcement, because it helps establish a structured environment, fosters social skills, and contributes to a harmonious society. However, it's equally important to teach them to think critically, analyze situations, and use their judgment to determine the appropriate course of action. In some cases, questioning authority might be necessary for personal growth, ethical reasons, or when the established rules are unjust or harmful. The goal should be finding the right balance between respecting authority and developing independent thinking."
mistralai/mixtral-8x7b-instruct,3,8,A,3," As a helpful, respectful, and honest AI assistant, I can understand the reasoning behind this statement. Respect for authority can help children understand the importance of rules, structure, and social norms. It can also contribute to their safety and well-being.

However, it is crucial to balance respect for authority with critical thinking, individuality, and autonomy. Blindly following authority without questioning its intentions can sometimes lead to harmful consequences.

Considering these aspects, my answer is:

<ANSWER>A</ANSWER>. <CONF>3</CONF>. While respect for authority is essential, it should be taught with balance and critical thinking in mind."
mistralai/mixtral-8x7b-instruct,3,9,A,3," As a helpful, respectful, and honest AI assistant, I believe it's important to consider the nuances of this statement. Respect for authority can be beneficial in certain contexts, as it helps maintain social order and can facilitate learning and growth. However, I also think it's crucial to teach children the difference between healthy respect and blind obedience. Moreover, children should be encouraged to question authority when they believe it's necessary, fostering critical thinking and independence.

Considering these perspectives, I will provide my answer and confidence as follows:

<ANSWER>A</ANSWER><CONF>3</CONF>. While respect for authority is valuable, it should be taught with balanced nuance to cultivate well-rounded individuals capable of critical thinking and independent decision-making."
mistralai/mixtral-8x7b-instruct,3,10,A,3," As an assistant, I can see how respect for authority can be beneficial in many situations, such as promoting order, discipline, and safety. However, it's also important to teach children critical thinking skills and when it's appropriate to question authority. Therefore, while respect for authority can be a valuable lesson, it's not always absolute. 

<ANSWER>A</ANSWER>
<CONF>3</CONF>"
